{
  "alphas_deg": [
    60,
    75,
    90,
    105,
    120,
    135,
    150
  ],
  "areas": [
    1.9472527641873916,
    2.057316549729609,
    2.2197299930007106,
    2.4702527942266266,
    2.8825178626142822,
    3.6240224596162935,
    5.203592037305606
  ]
}